path;title;size
E:\3d\40x60_cover.stl;file;583284
E:\3d\40x60_cover.stl;file;583284
E:\3d\base.prt;file;213307
E:\3d\40x60_cover.stl;file;583284
E:\3d\base.prt;file;213307
E:\3d\base.stl;file;196484
E:\3d\40x60_cover.stl;file;583284
E:\3d\base.prt;file;213307
E:\3d\base.stl;file;196484
E:\3d\base2.stl;file;131484
E:\3d\40x60_cover.stl;file;583284
E:\3d\base.prt;file;213307
E:\3d\base.stl;file;196484
E:\3d\base2.stl;file;131484
E:\3d\base3.stl;file;131484
E:\3d\40x60_cover.stl;file;583284
E:\3d\base.prt;file;213307
E:\3d\base.stl;file;196484
E:\3d\base2.stl;file;131484
E:\3d\base3.stl;file;131484
E:\3d\basing_cavalry.stl;file;1484
E:\3d\40x60_cover.stl;file;583284
E:\3d\base.prt;file;213307
E:\3d\base.stl;file;196484
E:\3d\base2.stl;file;131484
E:\3d\base3.stl;file;131484
E:\3d\basing_cavalry.stl;file;1484
E:\3d\cover_v2.stl;file;714284
E:\3d\40x60_cover.stl;file;583284
E:\3d\base.prt;file;213307
E:\3d\base.stl;file;196484
E:\3d\base2.stl;file;131484
E:\3d\base3.stl;file;131484
E:\3d\basing_cavalry.stl;file;1484
E:\3d\cover_v2.stl;file;714284
E:\3d\dust_filter.STL;file;555984
E:\3d\40x60_cover.stl;file;583284
E:\3d\base.prt;file;213307
E:\3d\base.stl;file;196484
E:\3d\base2.stl;file;131484
E:\3d\base3.stl;file;131484
E:\3d\basing_cavalry.stl;file;1484
E:\3d\cover_v2.stl;file;714284
E:\3d\dust_filter.STL;file;555984
E:\3d\Foundation.S02E01.rus.LostFilm.TV.avi.torrent;file;15494
E:\3d\40x60_cover.stl;file;583284
E:\3d\base.prt;file;213307
E:\3d\base.stl;file;196484
E:\3d\base2.stl;file;131484
E:\3d\base3.stl;file;131484
E:\3d\basing_cavalry.stl;file;1484
E:\3d\cover_v2.stl;file;714284
E:\3d\dust_filter.STL;file;555984
E:\3d\Foundation.S02E01.rus.LostFilm.TV.avi.torrent;file;15494
E:\3d\infantry_base.stl;file;1484
E:\3d\40x60_cover.stl;file;583284
E:\3d\base.prt;file;213307
E:\3d\base.stl;file;196484
E:\3d\base2.stl;file;131484
E:\3d\base3.stl;file;131484
E:\3d\basing_cavalry.stl;file;1484
E:\3d\cover_v2.stl;file;714284
E:\3d\dust_filter.STL;file;555984
E:\3d\Foundation.S02E01.rus.LostFilm.TV.avi.torrent;file;15494
E:\3d\infantry_base.stl;file;1484
E:\3d\napa_cav_12_baze.prt;file;127960
E:\3d\40x60_cover.stl;file;583284
E:\3d\base.prt;file;213307
E:\3d\base.stl;file;196484
E:\3d\base2.stl;file;131484
E:\3d\base3.stl;file;131484
E:\3d\basing_cavalry.stl;file;1484
E:\3d\cover_v2.stl;file;714284
E:\3d\dust_filter.STL;file;555984
E:\3d\Foundation.S02E01.rus.LostFilm.TV.avi.torrent;file;15494
E:\3d\infantry_base.stl;file;1484
E:\3d\napa_cav_12_baze.prt;file;127960
E:\3d\napa_cav_12_baze.stl;file;1484
E:\3d\40x60_cover.stl;file;583284
E:\3d\base.prt;file;213307
E:\3d\base.stl;file;196484
E:\3d\base2.stl;file;131484
E:\3d\base3.stl;file;131484
E:\3d\basing_cavalry.stl;file;1484
E:\3d\cover_v2.stl;file;714284
E:\3d\dust_filter.STL;file;555984
E:\3d\Foundation.S02E01.rus.LostFilm.TV.avi.torrent;file;15494
E:\3d\infantry_base.stl;file;1484
E:\3d\napa_cav_12_baze.prt;file;127960
E:\3d\napa_cav_12_baze.stl;file;1484
E:\3d\napa_cover\base2.prt;file;226014
E:\3d\40x60_cover.stl;file;583284
E:\3d\base.prt;file;213307
E:\3d\base.stl;file;196484
E:\3d\base2.stl;file;131484
E:\3d\base3.stl;file;131484
E:\3d\basing_cavalry.stl;file;1484
E:\3d\cover_v2.stl;file;714284
E:\3d\dust_filter.STL;file;555984
E:\3d\Foundation.S02E01.rus.LostFilm.TV.avi.torrent;file;15494
E:\3d\infantry_base.stl;file;1484
E:\3d\napa_cav_12_baze.prt;file;127960
E:\3d\napa_cav_12_baze.stl;file;1484
E:\3d\napa_cover\base2.prt;file;226014
E:\3d\napa_cover\cover.prt;file;1215486
E:\3d\40x60_cover.stl;file;583284
E:\3d\base.prt;file;213307
E:\3d\base.stl;file;196484
E:\3d\base2.stl;file;131484
E:\3d\base3.stl;file;131484
E:\3d\basing_cavalry.stl;file;1484
E:\3d\cover_v2.stl;file;714284
E:\3d\dust_filter.STL;file;555984
E:\3d\Foundation.S02E01.rus.LostFilm.TV.avi.torrent;file;15494
E:\3d\infantry_base.stl;file;1484
E:\3d\napa_cav_12_baze.prt;file;127960
E:\3d\napa_cav_12_baze.stl;file;1484
E:\3d\napa_cover\base2.prt;file;226014
E:\3d\napa_cover\cover.prt;file;1215486
E:\3d\napa_cover\cover.stl;file;94084
E:\3d\40x60_cover.stl;file;583284
E:\3d\base.prt;file;213307
E:\3d\base.stl;file;196484
E:\3d\base2.stl;file;131484
E:\3d\base3.stl;file;131484
E:\3d\basing_cavalry.stl;file;1484
E:\3d\cover_v2.stl;file;714284
E:\3d\dust_filter.STL;file;555984
E:\3d\Foundation.S02E01.rus.LostFilm.TV.avi.torrent;file;15494
E:\3d\infantry_base.stl;file;1484
E:\3d\napa_cav_12_baze.prt;file;127960
E:\3d\napa_cav_12_baze.stl;file;1484
E:\3d\napa_cover\base2.prt;file;226014
E:\3d\napa_cover\cover.prt;file;1215486
E:\3d\napa_cover\cover.stl;file;94084
E:\3d\napa_cover\cover_1.stl;file;177584
E:\3d\40x60_cover.stl;file;583284
E:\3d\base.prt;file;213307
E:\3d\base.stl;file;196484
E:\3d\base2.stl;file;131484
E:\3d\base3.stl;file;131484
E:\3d\basing_cavalry.stl;file;1484
E:\3d\cover_v2.stl;file;714284
E:\3d\dust_filter.STL;file;555984
E:\3d\Foundation.S02E01.rus.LostFilm.TV.avi.torrent;file;15494
E:\3d\infantry_base.stl;file;1484
E:\3d\napa_cav_12_baze.prt;file;127960
E:\3d\napa_cav_12_baze.stl;file;1484
E:\3d\napa_cover\base2.prt;file;226014
E:\3d\napa_cover\cover.prt;file;1215486
E:\3d\napa_cover\cover.stl;file;94084
E:\3d\napa_cover\cover_1.stl;file;177584
E:\3d\napa_cover\cover_2.stl;file;182284
E:\3d\40x60_cover.stl;file;583284
E:\3d\base.prt;file;213307
E:\3d\base.stl;file;196484
E:\3d\base2.stl;file;131484
E:\3d\base3.stl;file;131484
E:\3d\basing_cavalry.stl;file;1484
E:\3d\cover_v2.stl;file;714284
E:\3d\dust_filter.STL;file;555984
E:\3d\Foundation.S02E01.rus.LostFilm.TV.avi.torrent;file;15494
E:\3d\infantry_base.stl;file;1484
E:\3d\napa_cav_12_baze.prt;file;127960
E:\3d\napa_cav_12_baze.stl;file;1484
E:\3d\napa_cover\base2.prt;file;226014
E:\3d\napa_cover\cover.prt;file;1215486
E:\3d\napa_cover\cover.stl;file;94084
E:\3d\napa_cover\cover_1.stl;file;177584
E:\3d\napa_cover\cover_2.stl;file;182284
E:\3d\napa_cover\cover_v2.prt;file;4211776
E:\3d\40x60_cover.stl;file;583284
E:\3d\base.prt;file;213307
E:\3d\base.stl;file;196484
E:\3d\base2.stl;file;131484
E:\3d\base3.stl;file;131484
E:\3d\basing_cavalry.stl;file;1484
E:\3d\cover_v2.stl;file;714284
E:\3d\dust_filter.STL;file;555984
E:\3d\Foundation.S02E01.rus.LostFilm.TV.avi.torrent;file;15494
E:\3d\infantry_base.stl;file;1484
E:\3d\napa_cav_12_baze.prt;file;127960
E:\3d\napa_cav_12_baze.stl;file;1484
E:\3d\napa_cover\base2.prt;file;226014
E:\3d\napa_cover\cover.prt;file;1215486
E:\3d\napa_cover\cover.stl;file;94084
E:\3d\napa_cover\cover_1.stl;file;177584
E:\3d\napa_cover\cover_2.stl;file;182284
E:\3d\napa_cover\cover_v2.prt;file;4211776
E:\3d\napa_cover\infantry_base.prt;file;124822
E:\3d\40x60_cover.stl;file;583284
E:\3d\base.prt;file;213307
E:\3d\base.stl;file;196484
E:\3d\base2.stl;file;131484
E:\3d\base3.stl;file;131484
E:\3d\basing_cavalry.stl;file;1484
E:\3d\cover_v2.stl;file;714284
E:\3d\dust_filter.STL;file;555984
E:\3d\Foundation.S02E01.rus.LostFilm.TV.avi.torrent;file;15494
E:\3d\infantry_base.stl;file;1484
E:\3d\napa_cav_12_baze.prt;file;127960
E:\3d\napa_cav_12_baze.stl;file;1484
E:\3d\napa_cover\base2.prt;file;226014
E:\3d\napa_cover\cover.prt;file;1215486
E:\3d\napa_cover\cover.stl;file;94084
E:\3d\napa_cover\cover_1.stl;file;177584
E:\3d\napa_cover\cover_2.stl;file;182284
E:\3d\napa_cover\cover_v2.prt;file;4211776
E:\3d\napa_cover\infantry_base.prt;file;124822
E:\3d\napa_cover;folder;no idea
E:\3d\40x60_cover.stl;file;583284
E:\3d\base.prt;file;213307
E:\3d\base.stl;file;196484
E:\3d\base2.stl;file;131484
E:\3d\base3.stl;file;131484
E:\3d\basing_cavalry.stl;file;1484
E:\3d\cover_v2.stl;file;714284
E:\3d\dust_filter.STL;file;555984
E:\3d\Foundation.S02E01.rus.LostFilm.TV.avi.torrent;file;15494
E:\3d\infantry_base.stl;file;1484
E:\3d\napa_cav_12_baze.prt;file;127960
E:\3d\napa_cav_12_baze.stl;file;1484
E:\3d\napa_cover\base2.prt;file;226014
E:\3d\napa_cover\cover.prt;file;1215486
E:\3d\napa_cover\cover.stl;file;94084
E:\3d\napa_cover\cover_1.stl;file;177584
E:\3d\napa_cover\cover_2.stl;file;182284
E:\3d\napa_cover\cover_v2.prt;file;4211776
E:\3d\napa_cover\infantry_base.prt;file;124822
E:\3d\napa_cover;folder;no idea
E:\3d\tool.prt;file;130421
E:\3d\40x60_cover.stl;file;583284
E:\3d\base.prt;file;213307
E:\3d\base.stl;file;196484
E:\3d\base2.stl;file;131484
E:\3d\base3.stl;file;131484
E:\3d\basing_cavalry.stl;file;1484
E:\3d\cover_v2.stl;file;714284
E:\3d\dust_filter.STL;file;555984
E:\3d\Foundation.S02E01.rus.LostFilm.TV.avi.torrent;file;15494
E:\3d\infantry_base.stl;file;1484
E:\3d\napa_cav_12_baze.prt;file;127960
E:\3d\napa_cav_12_baze.stl;file;1484
E:\3d\napa_cover\base2.prt;file;226014
E:\3d\napa_cover\cover.prt;file;1215486
E:\3d\napa_cover\cover.stl;file;94084
E:\3d\napa_cover\cover_1.stl;file;177584
E:\3d\napa_cover\cover_2.stl;file;182284
E:\3d\napa_cover\cover_v2.prt;file;4211776
E:\3d\napa_cover\infantry_base.prt;file;124822
E:\3d\napa_cover;folder;no idea
E:\3d\tool.prt;file;130421
E:\3d\tool.stl;file;4884
E:\3d\40x60_cover.stl;file;583284
E:\3d\base.prt;file;213307
E:\3d\base.stl;file;196484
E:\3d\base2.stl;file;131484
E:\3d\base3.stl;file;131484
E:\3d\basing_cavalry.stl;file;1484
E:\3d\cover_v2.stl;file;714284
E:\3d\dust_filter.STL;file;555984
E:\3d\Foundation.S02E01.rus.LostFilm.TV.avi.torrent;file;15494
E:\3d\infantry_base.stl;file;1484
E:\3d\napa_cav_12_baze.prt;file;127960
E:\3d\napa_cav_12_baze.stl;file;1484
E:\3d\napa_cover\base2.prt;file;226014
E:\3d\napa_cover\cover.prt;file;1215486
E:\3d\napa_cover\cover.stl;file;94084
E:\3d\napa_cover\cover_1.stl;file;177584
E:\3d\napa_cover\cover_2.stl;file;182284
E:\3d\napa_cover\cover_v2.prt;file;4211776
E:\3d\napa_cover\infantry_base.prt;file;124822
E:\3d\napa_cover;folder;no idea
E:\3d\tool.prt;file;130421
E:\3d\tool.stl;file;4884
E:\3d\toys\columm.stl;file;1484
E:\3d\40x60_cover.stl;file;583284
E:\3d\base.prt;file;213307
E:\3d\base.stl;file;196484
E:\3d\base2.stl;file;131484
E:\3d\base3.stl;file;131484
E:\3d\basing_cavalry.stl;file;1484
E:\3d\cover_v2.stl;file;714284
E:\3d\dust_filter.STL;file;555984
E:\3d\Foundation.S02E01.rus.LostFilm.TV.avi.torrent;file;15494
E:\3d\infantry_base.stl;file;1484
E:\3d\napa_cav_12_baze.prt;file;127960
E:\3d\napa_cav_12_baze.stl;file;1484
E:\3d\napa_cover\base2.prt;file;226014
E:\3d\napa_cover\cover.prt;file;1215486
E:\3d\napa_cover\cover.stl;file;94084
E:\3d\napa_cover\cover_1.stl;file;177584
E:\3d\napa_cover\cover_2.stl;file;182284
E:\3d\napa_cover\cover_v2.prt;file;4211776
E:\3d\napa_cover\infantry_base.prt;file;124822
E:\3d\napa_cover;folder;no idea
E:\3d\tool.prt;file;130421
E:\3d\tool.stl;file;4884
E:\3d\toys\columm.stl;file;1484
E:\3d\toys\form.stl;file;111084
E:\3d\40x60_cover.stl;file;583284
E:\3d\base.prt;file;213307
E:\3d\base.stl;file;196484
E:\3d\base2.stl;file;131484
E:\3d\base3.stl;file;131484
E:\3d\basing_cavalry.stl;file;1484
E:\3d\cover_v2.stl;file;714284
E:\3d\dust_filter.STL;file;555984
E:\3d\Foundation.S02E01.rus.LostFilm.TV.avi.torrent;file;15494
E:\3d\infantry_base.stl;file;1484
E:\3d\napa_cav_12_baze.prt;file;127960
E:\3d\napa_cav_12_baze.stl;file;1484
E:\3d\napa_cover\base2.prt;file;226014
E:\3d\napa_cover\cover.prt;file;1215486
E:\3d\napa_cover\cover.stl;file;94084
E:\3d\napa_cover\cover_1.stl;file;177584
E:\3d\napa_cover\cover_2.stl;file;182284
E:\3d\napa_cover\cover_v2.prt;file;4211776
E:\3d\napa_cover\infantry_base.prt;file;124822
E:\3d\napa_cover;folder;no idea
E:\3d\tool.prt;file;130421
E:\3d\tool.stl;file;4884
E:\3d\toys\columm.stl;file;1484
E:\3d\toys\form.stl;file;111084
E:\3d\toys\model1.prt;file;208969
E:\3d\40x60_cover.stl;file;583284
E:\3d\base.prt;file;213307
E:\3d\base.stl;file;196484
E:\3d\base2.stl;file;131484
E:\3d\base3.stl;file;131484
E:\3d\basing_cavalry.stl;file;1484
E:\3d\cover_v2.stl;file;714284
E:\3d\dust_filter.STL;file;555984
E:\3d\Foundation.S02E01.rus.LostFilm.TV.avi.torrent;file;15494
E:\3d\infantry_base.stl;file;1484
E:\3d\napa_cav_12_baze.prt;file;127960
E:\3d\napa_cav_12_baze.stl;file;1484
E:\3d\napa_cover\base2.prt;file;226014
E:\3d\napa_cover\cover.prt;file;1215486
E:\3d\napa_cover\cover.stl;file;94084
E:\3d\napa_cover\cover_1.stl;file;177584
E:\3d\napa_cover\cover_2.stl;file;182284
E:\3d\napa_cover\cover_v2.prt;file;4211776
E:\3d\napa_cover\infantry_base.prt;file;124822
E:\3d\napa_cover;folder;no idea
E:\3d\tool.prt;file;130421
E:\3d\tool.stl;file;4884
E:\3d\toys\columm.stl;file;1484
E:\3d\toys\form.stl;file;111084
E:\3d\toys\model1.prt;file;208969
E:\3d\toys\model1.x_t;file;46716
E:\3d\40x60_cover.stl;file;583284
E:\3d\base.prt;file;213307
E:\3d\base.stl;file;196484
E:\3d\base2.stl;file;131484
E:\3d\base3.stl;file;131484
E:\3d\basing_cavalry.stl;file;1484
E:\3d\cover_v2.stl;file;714284
E:\3d\dust_filter.STL;file;555984
E:\3d\Foundation.S02E01.rus.LostFilm.TV.avi.torrent;file;15494
E:\3d\infantry_base.stl;file;1484
E:\3d\napa_cav_12_baze.prt;file;127960
E:\3d\napa_cav_12_baze.stl;file;1484
E:\3d\napa_cover\base2.prt;file;226014
E:\3d\napa_cover\cover.prt;file;1215486
E:\3d\napa_cover\cover.stl;file;94084
E:\3d\napa_cover\cover_1.stl;file;177584
E:\3d\napa_cover\cover_2.stl;file;182284
E:\3d\napa_cover\cover_v2.prt;file;4211776
E:\3d\napa_cover\infantry_base.prt;file;124822
E:\3d\napa_cover;folder;no idea
E:\3d\tool.prt;file;130421
E:\3d\tool.stl;file;4884
E:\3d\toys\columm.stl;file;1484
E:\3d\toys\form.stl;file;111084
E:\3d\toys\model1.prt;file;208969
E:\3d\toys\model1.x_t;file;46716
E:\3d\toys\model1_1.stl;file;5884
E:\3d\40x60_cover.stl;file;583284
E:\3d\base.prt;file;213307
E:\3d\base.stl;file;196484
E:\3d\base2.stl;file;131484
E:\3d\base3.stl;file;131484
E:\3d\basing_cavalry.stl;file;1484
E:\3d\cover_v2.stl;file;714284
E:\3d\dust_filter.STL;file;555984
E:\3d\Foundation.S02E01.rus.LostFilm.TV.avi.torrent;file;15494
E:\3d\infantry_base.stl;file;1484
E:\3d\napa_cav_12_baze.prt;file;127960
E:\3d\napa_cav_12_baze.stl;file;1484
E:\3d\napa_cover\base2.prt;file;226014
E:\3d\napa_cover\cover.prt;file;1215486
E:\3d\napa_cover\cover.stl;file;94084
E:\3d\napa_cover\cover_1.stl;file;177584
E:\3d\napa_cover\cover_2.stl;file;182284
E:\3d\napa_cover\cover_v2.prt;file;4211776
E:\3d\napa_cover\infantry_base.prt;file;124822
E:\3d\napa_cover;folder;no idea
E:\3d\tool.prt;file;130421
E:\3d\tool.stl;file;4884
E:\3d\toys\columm.stl;file;1484
E:\3d\toys\form.stl;file;111084
E:\3d\toys\model1.prt;file;208969
E:\3d\toys\model1.x_t;file;46716
E:\3d\toys\model1_1.stl;file;5884
E:\3d\toys\model1_2.stl;file;1484
E:\3d\40x60_cover.stl;file;583284
E:\3d\base.prt;file;213307
E:\3d\base.stl;file;196484
E:\3d\base2.stl;file;131484
E:\3d\base3.stl;file;131484
E:\3d\basing_cavalry.stl;file;1484
E:\3d\cover_v2.stl;file;714284
E:\3d\dust_filter.STL;file;555984
E:\3d\Foundation.S02E01.rus.LostFilm.TV.avi.torrent;file;15494
E:\3d\infantry_base.stl;file;1484
E:\3d\napa_cav_12_baze.prt;file;127960
E:\3d\napa_cav_12_baze.stl;file;1484
E:\3d\napa_cover\base2.prt;file;226014
E:\3d\napa_cover\cover.prt;file;1215486
E:\3d\napa_cover\cover.stl;file;94084
E:\3d\napa_cover\cover_1.stl;file;177584
E:\3d\napa_cover\cover_2.stl;file;182284
E:\3d\napa_cover\cover_v2.prt;file;4211776
E:\3d\napa_cover\infantry_base.prt;file;124822
E:\3d\napa_cover;folder;no idea
E:\3d\tool.prt;file;130421
E:\3d\tool.stl;file;4884
E:\3d\toys\columm.stl;file;1484
E:\3d\toys\form.stl;file;111084
E:\3d\toys\model1.prt;file;208969
E:\3d\toys\model1.x_t;file;46716
E:\3d\toys\model1_1.stl;file;5884
E:\3d\toys\model1_2.stl;file;1484
E:\3d\toys\model2.prt;file;110502
E:\3d\40x60_cover.stl;file;583284
E:\3d\base.prt;file;213307
E:\3d\base.stl;file;196484
E:\3d\base2.stl;file;131484
E:\3d\base3.stl;file;131484
E:\3d\basing_cavalry.stl;file;1484
E:\3d\cover_v2.stl;file;714284
E:\3d\dust_filter.STL;file;555984
E:\3d\Foundation.S02E01.rus.LostFilm.TV.avi.torrent;file;15494
E:\3d\infantry_base.stl;file;1484
E:\3d\napa_cav_12_baze.prt;file;127960
E:\3d\napa_cav_12_baze.stl;file;1484
E:\3d\napa_cover\base2.prt;file;226014
E:\3d\napa_cover\cover.prt;file;1215486
E:\3d\napa_cover\cover.stl;file;94084
E:\3d\napa_cover\cover_1.stl;file;177584
E:\3d\napa_cover\cover_2.stl;file;182284
E:\3d\napa_cover\cover_v2.prt;file;4211776
E:\3d\napa_cover\infantry_base.prt;file;124822
E:\3d\napa_cover;folder;no idea
E:\3d\tool.prt;file;130421
E:\3d\tool.stl;file;4884
E:\3d\toys\columm.stl;file;1484
E:\3d\toys\form.stl;file;111084
E:\3d\toys\model1.prt;file;208969
E:\3d\toys\model1.x_t;file;46716
E:\3d\toys\model1_1.stl;file;5884
E:\3d\toys\model1_2.stl;file;1484
E:\3d\toys\model2.prt;file;110502
E:\3d\toys\model2.stl;file;8084
E:\3d\40x60_cover.stl;file;583284
E:\3d\base.prt;file;213307
E:\3d\base.stl;file;196484
E:\3d\base2.stl;file;131484
E:\3d\base3.stl;file;131484
E:\3d\basing_cavalry.stl;file;1484
E:\3d\cover_v2.stl;file;714284
E:\3d\dust_filter.STL;file;555984
E:\3d\Foundation.S02E01.rus.LostFilm.TV.avi.torrent;file;15494
E:\3d\infantry_base.stl;file;1484
E:\3d\napa_cav_12_baze.prt;file;127960
E:\3d\napa_cav_12_baze.stl;file;1484
E:\3d\napa_cover\base2.prt;file;226014
E:\3d\napa_cover\cover.prt;file;1215486
E:\3d\napa_cover\cover.stl;file;94084
E:\3d\napa_cover\cover_1.stl;file;177584
E:\3d\napa_cover\cover_2.stl;file;182284
E:\3d\napa_cover\cover_v2.prt;file;4211776
E:\3d\napa_cover\infantry_base.prt;file;124822
E:\3d\napa_cover;folder;no idea
E:\3d\tool.prt;file;130421
E:\3d\tool.stl;file;4884
E:\3d\toys\columm.stl;file;1484
E:\3d\toys\form.stl;file;111084
E:\3d\toys\model1.prt;file;208969
E:\3d\toys\model1.x_t;file;46716
E:\3d\toys\model1_1.stl;file;5884
E:\3d\toys\model1_2.stl;file;1484
E:\3d\toys\model2.prt;file;110502
E:\3d\toys\model2.stl;file;8084
E:\3d\toys\model2_1.stl;file;4484
E:\3d\40x60_cover.stl;file;583284
E:\3d\base.prt;file;213307
E:\3d\base.stl;file;196484
E:\3d\base2.stl;file;131484
E:\3d\base3.stl;file;131484
E:\3d\basing_cavalry.stl;file;1484
E:\3d\cover_v2.stl;file;714284
E:\3d\dust_filter.STL;file;555984
E:\3d\Foundation.S02E01.rus.LostFilm.TV.avi.torrent;file;15494
E:\3d\infantry_base.stl;file;1484
E:\3d\napa_cav_12_baze.prt;file;127960
E:\3d\napa_cav_12_baze.stl;file;1484
E:\3d\napa_cover\base2.prt;file;226014
E:\3d\napa_cover\cover.prt;file;1215486
E:\3d\napa_cover\cover.stl;file;94084
E:\3d\napa_cover\cover_1.stl;file;177584
E:\3d\napa_cover\cover_2.stl;file;182284
E:\3d\napa_cover\cover_v2.prt;file;4211776
E:\3d\napa_cover\infantry_base.prt;file;124822
E:\3d\napa_cover;folder;no idea
E:\3d\tool.prt;file;130421
E:\3d\tool.stl;file;4884
E:\3d\toys\columm.stl;file;1484
E:\3d\toys\form.stl;file;111084
E:\3d\toys\model1.prt;file;208969
E:\3d\toys\model1.x_t;file;46716
E:\3d\toys\model1_1.stl;file;5884
E:\3d\toys\model1_2.stl;file;1484
E:\3d\toys\model2.prt;file;110502
E:\3d\toys\model2.stl;file;8084
E:\3d\toys\model2_1.stl;file;4484
E:\3d\toys\napa_cav_12_baze.stl;file;1484
E:\3d\40x60_cover.stl;file;583284
E:\3d\base.prt;file;213307
E:\3d\base.stl;file;196484
E:\3d\base2.stl;file;131484
E:\3d\base3.stl;file;131484
E:\3d\basing_cavalry.stl;file;1484
E:\3d\cover_v2.stl;file;714284
E:\3d\dust_filter.STL;file;555984
E:\3d\Foundation.S02E01.rus.LostFilm.TV.avi.torrent;file;15494
E:\3d\infantry_base.stl;file;1484
E:\3d\napa_cav_12_baze.prt;file;127960
E:\3d\napa_cav_12_baze.stl;file;1484
E:\3d\napa_cover\base2.prt;file;226014
E:\3d\napa_cover\cover.prt;file;1215486
E:\3d\napa_cover\cover.stl;file;94084
E:\3d\napa_cover\cover_1.stl;file;177584
E:\3d\napa_cover\cover_2.stl;file;182284
E:\3d\napa_cover\cover_v2.prt;file;4211776
E:\3d\napa_cover\infantry_base.prt;file;124822
E:\3d\napa_cover;folder;no idea
E:\3d\tool.prt;file;130421
E:\3d\tool.stl;file;4884
E:\3d\toys\columm.stl;file;1484
E:\3d\toys\form.stl;file;111084
E:\3d\toys\model1.prt;file;208969
E:\3d\toys\model1.x_t;file;46716
E:\3d\toys\model1_1.stl;file;5884
E:\3d\toys\model1_2.stl;file;1484
E:\3d\toys\model2.prt;file;110502
E:\3d\toys\model2.stl;file;8084
E:\3d\toys\model2_1.stl;file;4484
E:\3d\toys\napa_cav_12_baze.stl;file;1484
E:\3d\toys;folder;no idea
E:\3d\40x60_cover.stl;file;583284
E:\3d\base.prt;file;213307
E:\3d\base.stl;file;196484
E:\3d\base2.stl;file;131484
E:\3d\base3.stl;file;131484
E:\3d\basing_cavalry.stl;file;1484
E:\3d\cover_v2.stl;file;714284
E:\3d\dust_filter.STL;file;555984
E:\3d\Foundation.S02E01.rus.LostFilm.TV.avi.torrent;file;15494
E:\3d\infantry_base.stl;file;1484
E:\3d\napa_cav_12_baze.prt;file;127960
E:\3d\napa_cav_12_baze.stl;file;1484
E:\3d\napa_cover\base2.prt;file;226014
E:\3d\napa_cover\cover.prt;file;1215486
E:\3d\napa_cover\cover.stl;file;94084
E:\3d\napa_cover\cover_1.stl;file;177584
E:\3d\napa_cover\cover_2.stl;file;182284
E:\3d\napa_cover\cover_v2.prt;file;4211776
E:\3d\napa_cover\infantry_base.prt;file;124822
E:\3d\napa_cover;folder;no idea
E:\3d\tool.prt;file;130421
E:\3d\tool.stl;file;4884
E:\3d\toys\columm.stl;file;1484
E:\3d\toys\form.stl;file;111084
E:\3d\toys\model1.prt;file;208969
E:\3d\toys\model1.x_t;file;46716
E:\3d\toys\model1_1.stl;file;5884
E:\3d\toys\model1_2.stl;file;1484
E:\3d\toys\model2.prt;file;110502
E:\3d\toys\model2.stl;file;8084
E:\3d\toys\model2_1.stl;file;4484
E:\3d\toys\napa_cav_12_baze.stl;file;1484
E:\3d\toys;folder;no idea
E:\3d\zabor-zamok.prt;file;533954
E:\3d\40x60_cover.stl;file;583284
E:\3d\base.prt;file;213307
E:\3d\base.stl;file;196484
E:\3d\base2.stl;file;131484
E:\3d\base3.stl;file;131484
E:\3d\basing_cavalry.stl;file;1484
E:\3d\cover_v2.stl;file;714284
E:\3d\dust_filter.STL;file;555984
E:\3d\Foundation.S02E01.rus.LostFilm.TV.avi.torrent;file;15494
E:\3d\infantry_base.stl;file;1484
E:\3d\napa_cav_12_baze.prt;file;127960
E:\3d\napa_cav_12_baze.stl;file;1484
E:\3d\napa_cover\base2.prt;file;226014
E:\3d\napa_cover\cover.prt;file;1215486
E:\3d\napa_cover\cover.stl;file;94084
E:\3d\napa_cover\cover_1.stl;file;177584
E:\3d\napa_cover\cover_2.stl;file;182284
E:\3d\napa_cover\cover_v2.prt;file;4211776
E:\3d\napa_cover\infantry_base.prt;file;124822
E:\3d\napa_cover;folder;no idea
E:\3d\tool.prt;file;130421
E:\3d\tool.stl;file;4884
E:\3d\toys\columm.stl;file;1484
E:\3d\toys\form.stl;file;111084
E:\3d\toys\model1.prt;file;208969
E:\3d\toys\model1.x_t;file;46716
E:\3d\toys\model1_1.stl;file;5884
E:\3d\toys\model1_2.stl;file;1484
E:\3d\toys\model2.prt;file;110502
E:\3d\toys\model2.stl;file;8084
E:\3d\toys\model2_1.stl;file;4484
E:\3d\toys\napa_cav_12_baze.stl;file;1484
E:\3d\toys;folder;no idea
E:\3d\zabor-zamok.prt;file;533954
E:\3d\zabor-zamok.stl;file;12584
